id|patientId|doctorId|datetime|status|notes
6fd6b4a9-844f-48d8-bb6e-b18bd3f47551|16313661-88ec-4035-be37-540a75b4e4ee|2b4936cb-089f-4379-92bd-82ab842c1688|2025-11-02T10:30|CONFIRMED|初诊咨询：持续咳嗽伴低烧
b62f4842-980a-4d6c-9e8e-4ab627e6c97f|84267b92-7ce6-43f3-aaad-b033c537c64d|2b4936cb-089f-4379-92bd-82ab842c1688|2025-11-02T09:00|COMPLETED|夜间情绪不稳，拟安排心理评估
1f8a503f-5f5b-4475-9fd3-742497e3b015|063ccb94-12eb-46ad-87d5-5d295df1c548|2ab7d795-2e4d-4c57-8b43-2d98dd7a9c18|2025-11-04T08:30|CONFIRMED|糖尿病复诊，携带一周血糖记录
5f6a53f7-b0a9-4025-8a3b-66b4dfdc7cb0|5a6a7a86-5f3f-4d7a-8fd8-6d4f14f0ad50|3d9a3a2e-1bfe-4e2f-9b9e-24c45ea1ab39|2025-11-05T15:00|PENDING|控制夜间咳嗽方案随访
23bc86b9-5bd3-4f1d-b735-df74de2c5fd8|9ed5026a-3334-46f0-b36a-92bfeb721c88|7ad821a4-0b2f-4bb6-85a2-6be7a329a1f1|2025-11-06T10:00|CONFIRMED|短暂性脑缺血发作后评估
3f4d52ee-9b7b-46cb-bc76-e98b69349daf|c4a7f5ab-d252-490a-9ade-6e0a812f05a7|485913d5-05e6-4c18-bf60-f49b1b57d66d|2025-11-07T14:30|PENDING|面部皮疹复发，怀疑日晒诱发
a1d3efd9-be8b-4c69-97b0-38f5327d4c4a|f87e2a6d-550c-43ab-a752-37a5c5c9825b|acf0be0c-c851-41d4-bb51-51aa7da6d601|2025-11-08T11:00|CONFIRMED|放疗后第二次复诊评估营养
d3a2c49f-9d3d-46d6-956a-9d0d3d61d9a1|16313661-88ec-4035-be37-540a75b4e4ee|3d9a3a2e-1bfe-4e2f-9b9e-24c45ea1ab39|2025-11-09T09:30|CANCELLED|患者自述症状缓解，改为远程随访
8e194e7f-58c2-41c2-b221-13b738f3d02f|2265bff5-57b6-4518-aa3a-1e30481cb3e9|87db3859-6e28-401f-b035-6a8ca73057aa|2025-11-07T09:30|CONFIRMED|定期复诊评估9
5798b910-05ab-4a5e-a021-334543c3b913|04ed2ddd-9fa8-401c-960c-3da2ef2868ff|9ffcca62-f643-4ea1-9037-d6598ac1be0d|2025-11-05T14:45|CANCELLED|定期复诊评估10
235b6c17-841e-4f80-a191-90eff8f394b6|176ffb53-2fcd-4668-bb25-6307ea3e05ee|7ad821a4-0b2f-4bb6-85a2-6be7a329a1f1|2025-11-04T12:15|CONFIRMED|定期复诊评估11
cfa3caee-aeb3-47bc-923a-781f9a3740af|02787a3b-46be-4ba2-b489-afce5aeea309|4c7adb47-d540-488c-bc2d-9b1c9f50a64a|2025-11-10T14:15|CANCELLED|定期复诊评估12
5a783ecf-f070-469c-a09c-84de07960fa1|c4a7f5ab-d252-490a-9ade-6e0a812f05a7|b6688d47-8c06-4821-a29e-c28c827c8737|2025-11-08T08:45|CONFIRMED|定期复诊评估13
3c3b3672-73f0-4d53-8d39-94109e9a0315|bea933a4-6a65-4f4c-ba8d-15a443ff3227|ca096938-fff6-4738-aa4a-70ec95c944cd|2025-11-12T12:00|CANCELLED|定期复诊评估14
184c1be1-3618-44a2-ab03-634f19eacb0c|83aa2068-1a5c-47d4-af27-212963908f18|1e6e7812-9cb9-4b3e-9112-2c6f29ea1961|2025-11-10T15:30|CONFIRMED|定期复诊评估15
fb506db3-e549-44ed-9580-ff4ce82b9b50|176ffb53-2fcd-4668-bb25-6307ea3e05ee|b6688d47-8c06-4821-a29e-c28c827c8737|2025-11-03T09:00|CANCELLED|定期复诊评估16
a6a3f533-c94b-4dd7-8d3c-176f11ee0bab|2265bff5-57b6-4518-aa3a-1e30481cb3e9|564fceb4-4ff0-4918-963f-1f5a2247fb4c|2025-11-04T12:15|CONFIRMED|定期复诊评估17
9cef2f8d-e911-4149-bbe0-786d06b8e5c6|852711e3-2091-47bd-846a-7f8a55d9f641|1418385d-e695-417a-9eee-c11cd11772c1|2025-11-02T09:15|CANCELLED|定期复诊评估18
818cba86-6619-490a-9b46-e7aa188aaadb|02787a3b-46be-4ba2-b489-afce5aeea309|009bd367-8530-4f43-b437-b467f66f6930|2025-11-10T12:45|CONFIRMED|定期复诊评估19
e5e87a38-844e-48b9-b4a6-5b2fa304860d|621b2e30-4196-4470-a974-e135abfe360e|564fceb4-4ff0-4918-963f-1f5a2247fb4c|2025-11-14T13:00|CANCELLED|定期复诊评估20
3697fdb4-293e-4f72-8c6e-84fa3e072c95|6b58842c-ad27-4afc-9b9f-1d8bb015f75c|1418385d-e695-417a-9eee-c11cd11772c1|2025-11-05T08:00|CONFIRMED|定期复诊评估21
b38eac99-7d6e-41b8-bc01-6dae585f0bc5|a5bf8301-d978-4c21-8dc0-fc370f7b756f|6d0e9136-3f58-4a22-a2b0-7c68fe1a5d9c|2025-11-05T13:45|CANCELLED|定期复诊评估22
40f24306-1495-4fc7-9bfc-a012e84c5b16|2565c0cf-5b78-43de-ae8d-ec10eafbbc2f|ca096938-fff6-4738-aa4a-70ec95c944cd|2025-11-08T13:15|CONFIRMED|定期复诊评估23
ea5ffa87-a137-430c-9e89-9f2892cd715d|bf3e592c-c454-4cc5-8c98-c001d3d63591|4c7adb47-d540-488c-bc2d-9b1c9f50a64a|2025-11-07T11:15|CANCELLED|定期复诊评估24
54711cd1-f02c-4181-a7df-818711c06df6|2565c0cf-5b78-43de-ae8d-ec10eafbbc2f|4c7adb47-d540-488c-bc2d-9b1c9f50a64a|2025-11-10T11:00|CONFIRMED|定期复诊评估25
7e20396a-2d1b-4c7c-94e2-15da4bba7818|83aa2068-1a5c-47d4-af27-212963908f18|ca096938-fff6-4738-aa4a-70ec95c944cd|2025-11-13T09:45|CANCELLED|定期复诊评估26
da4f156a-fae1-47b4-a0ab-4e0b54f050b5|5b1aba6c-eb84-4c5a-842b-a722a8d447c2|43f280ca-1ec9-4073-98eb-c106ebc62ea7|2025-11-03T15:30|CONFIRMED|定期复诊评估27
249c336a-3ad0-4830-ba46-7db909726bdb|852711e3-2091-47bd-846a-7f8a55d9f641|4c7adb47-d540-488c-bc2d-9b1c9f50a64a|2025-11-09T11:30|CANCELLED|定期复诊评估28
1465b2e9-e1a6-4c69-83b3-478d4765c64e|0a1a9a1f-2c4f-4ba5-a9ad-392ee439c1a3|afb8a4ae-dcea-47bd-b668-3596f7d5e49d|2025-11-14T14:45|CONFIRMED|定期复诊评估29
6e754b18-4947-4b37-92c6-5f6b3677009c|02787a3b-46be-4ba2-b489-afce5aeea309|43f280ca-1ec9-4073-98eb-c106ebc62ea7|2025-11-06T09:30|CANCELLED|定期复诊评估30
