id|timestamp|userId|role|action|entityType|entityId|detail|result|ipAddress
log-2025-0001|2025-10-28T09:20:45|ae99df04-60e0-4bc8-a6c1-8976ba77f189|DOCTOR|PAYMENT_MARK_PAID|PAYMENT|pay-2025-0001|药品处方支付标记已完成|SUCCESS|10.0.0.21
log-2025-0002|2025-10-28T09:26:10|ae99df04-60e0-4bc8-a6c1-8976ba77f189|DOCTOR|CLAIM_SUBMIT|INSURANCE_CLAIM|claim-2025-0001|提交医保理赔，覆盖比例80%|SUCCESS|10.0.0.21
log-2025-0003|2025-10-28T10:02:33|22917d8d-d629-4974-a566-58732e908a56|ADMIN|CLAIM_APPROVE|INSURANCE_CLAIM|claim-2025-0001|审批通过，核准金额294.80|SUCCESS|10.0.0.11
log-2025-0004|2025-10-21T15:46:05|ae99df04-60e0-4bc8-a6c1-8976ba77f189|DOCTOR|INVENTORY_OUTBOUND|STOCK_MOVEMENT|stk-2025-0002|药品出库数量25，处方rx-2025-2088|SUCCESS|10.0.0.21
log-2025-0005|2025-10-22T09:12:20|ae99df04-60e0-4bc8-a6c1-8976ba77f189|DOCTOR|INVENTORY_ADJUST|STOCK_MOVEMENT|stk-2025-0003|盘点报损5支布地奈德|SUCCESS|10.0.0.21
log-2025-0006|2025-10-12T11:55:40|22917d8d-d629-4974-a566-58732e908a56|ADMIN|CLAIM_REJECT|INSURANCE_CLAIM|claim-2025-0003|缺少票据附件，驳回理赔|SUCCESS|10.0.0.11
