id|patientId|doctorId|appointmentId|summary|prescriptionId|createdAt
0f950a51-dd5f-4539-93ed-f2b2f06a562d|16313661-88ec-4035-be37-540a75b4e4ee|2b4936cb-089f-4379-92bd-82ab842c1688|6fd6b4a9-844f-48d8-bb6e-b18bd3f47551|复诊评估持续性干咳，听诊未闻湿啰音，建议完善胸部CT|78da7f60-6e50-4cdd-b099-c520b9f01199|2025-11-02T11:05
4f0f6bcb-1f0c-4ad5-9e37-9ea5f21d4c9d|063ccb94-12eb-46ad-87d5-5d295df1c548|2ab7d795-2e4d-4c57-8b43-2d98dd7a9c18|1f8a503f-5f5b-4475-9fd3-742497e3b015|糖尿病复诊，空腹血糖控制欠佳，调整胰岛素剂量并加强饮食记录|d95c4cda-9b47-4d3e-8b24-52d3f7eb4cd5|2025-11-04T09:10
55ab6f87-e0c0-4f8f-9015-21827d14c3df|9ed5026a-3334-46f0-b36a-92bfeb721c88|7ad821a4-0b2f-4bb6-85a2-6be7a329a1f1|23bc86b9-5bd3-4f1d-b735-df74de2c5fd8|短暂性脑缺血发作后评估，完善头颅MRI及颈动脉超声|e5c645c8-48de-4d82-9039-8570bd4e9985|2025-11-06T10:45
b3ab9953-f55d-4e28-b2b1-34dc257a3df4|f87e2a6d-550c-43ab-a752-37a5c5c9825b|acf0be0c-c851-41d4-bb51-51aa7da6d601|a1d3efd9-be8b-4c69-97b0-38f5327d4c4a|鼻咽癌放疗后复诊，强化营养支持并安排复查肝肾功能|af2f5b0d-8d71-4254-9ea6-4eac9b33d7e6|2025-11-08T11:45
d4b2c5a7-4930-4fb1-80f1-05f28bc5a6fd|16313661-88ec-4035-be37-540a75b4e4ee|1e6e7812-9cb9-4b3e-9112-2c6f29ea1961|9f7fda3f-3d48-45de-9da4-52c7b6f9cf12|心内科复查，复评近期胸闷与夜间心悸，安排Holter检查||2025-10-31T09:40
72471aa2-7c97-4a5a-8b64-ac3e15551058|16313661-88ec-4035-be37-540a75b4e4ee|2b4936cb-089f-4379-92bd-82ab842c1688|b62f4842-980a-4d6c-9e8e-4ab627e6c97f|全科随访总结：患者症状较之前有所改善，继续当前管理方案||2025-11-01T15:55:22.316564
e366c7f7-f959-4aec-8b88-c06b5c88213d|16313661-88ec-4035-be37-540a75b4e4ee|580bd327-3564-4856-9a1b-fc301a7b3aa9||骨科随访总结：患者症状较之前有所改善，继续当前管理方案||2025-11-01T15:55:22.316977
a89b24ad-4b70-4c1c-a624-47cce0677c82|5a6a7a86-5f3f-4d7a-8fd8-6d4f14f0ad50|3d9a3a2e-1bfe-4e2f-9b9e-24c45ea1ab39|5f6a53f7-b0a9-4025-8a3b-66b4dfdc7cb0|儿科随访总结：患者症状较之前有所改善，继续当前管理方案||2025-11-01T15:55:22.317546
b8415987-8d8e-4be0-8ce7-6915f2ab983a|c4a7f5ab-d252-490a-9ade-6e0a812f05a7|485913d5-05e6-4c18-bf60-f49b1b57d66d|3f4d52ee-9b7b-46cb-bc76-e98b69349daf|皮肤科随访总结：患者症状较之前有所改善，继续当前管理方案||2025-11-01T15:55:22.317977
e012351a-037e-4a40-92fc-1ea419a72eac|9ed5026a-3334-46f0-b36a-92bfeb721c88|7ad821a4-0b2f-4bb6-85a2-6be7a329a1f1|23bc86b9-5bd3-4f1d-b735-df74de2c5fd8|神经内科随访总结：患者症状较之前有所改善，继续当前管理方案||2025-11-01T15:55:22.318380
5235b0e8-799f-40d8-b260-9fd69f43770a|f87e2a6d-550c-43ab-a752-37a5c5c9825b|acf0be0c-c851-41d4-bb51-51aa7da6d601|a1d3efd9-be8b-4c69-97b0-38f5327d4c4a|肿瘤科随访总结：患者症状较之前有所改善，继续当前管理方案||2025-11-01T15:55:22.318790
ba4b5b04-738b-49f2-9692-81105d8f01b7|063ccb94-12eb-46ad-87d5-5d295df1c548|2ab7d795-2e4d-4c57-8b43-2d98dd7a9c18|1f8a503f-5f5b-4475-9fd3-742497e3b015|内分泌科随访总结：患者症状较之前有所改善，继续当前管理方案||2025-11-01T15:55:22.319462
e51c98fe-8998-45bf-af90-bb46755bc942|bea933a4-6a65-4f4c-ba8d-15a443ff3227|ca096938-fff6-4738-aa4a-70ec95c944cd|3c3b3672-73f0-4d53-8d39-94109e9a0315|问诊总结13：患者患者14 状态评估完成。||2025-11-01T16:05:01.056797
42f9baeb-9c39-4012-9ab6-a5cd2d463c10|83aa2068-1a5c-47d4-af27-212963908f18|1e6e7812-9cb9-4b3e-9112-2c6f29ea1961|184c1be1-3618-44a2-ab03-634f19eacb0c|问诊总结14：患者患者24 状态评估完成。||2025-11-01T16:05:01.057014
27805e3d-c616-43bb-b4fc-34ffa3e19b5d|176ffb53-2fcd-4668-bb25-6307ea3e05ee|b6688d47-8c06-4821-a29e-c28c827c8737|fb506db3-e549-44ed-9580-ff4ce82b9b50|问诊总结15：患者患者8 状态评估完成。||2025-11-01T16:05:01.057186
54a2752a-01a3-406b-a73b-f6dbdd99db14|2265bff5-57b6-4518-aa3a-1e30481cb3e9|564fceb4-4ff0-4918-963f-1f5a2247fb4c|a6a3f533-c94b-4dd7-8d3c-176f11ee0bab|问诊总结16：患者患者16 状态评估完成。||2025-11-01T16:05:01.057337
e9672fa8-f625-48f0-af48-7c21bd9d982b|852711e3-2091-47bd-846a-7f8a55d9f641|1418385d-e695-417a-9eee-c11cd11772c1|9cef2f8d-e911-4149-bbe0-786d06b8e5c6|问诊总结17：患者患者15 状态评估完成。||2025-11-01T16:05:01.057514
efa820f0-84d5-49e6-83f6-9b64592db4dd|02787a3b-46be-4ba2-b489-afce5aeea309|009bd367-8530-4f43-b437-b467f66f6930|818cba86-6619-490a-9b46-e7aa188aaadb|问诊总结18：患者患者29 状态评估完成。||2025-11-01T16:05:01.057680
9773e2d0-7bf9-40e3-9be4-37871449e2c9|621b2e30-4196-4470-a974-e135abfe360e|564fceb4-4ff0-4918-963f-1f5a2247fb4c|e5e87a38-844e-48b9-b4a6-5b2fa304860d|问诊总结19：患者患者9 状态评估完成。||2025-11-01T16:05:01.057835
0745ee44-60d1-4c2d-ab47-99951b666922|6b58842c-ad27-4afc-9b9f-1d8bb015f75c|1418385d-e695-417a-9eee-c11cd11772c1|3697fdb4-293e-4f72-8c6e-84fa3e072c95|问诊总结20：患者患者20 状态评估完成。||2025-11-01T16:05:01.057993
32fd8431-208e-4be6-b85d-469147d8b63d|a5bf8301-d978-4c21-8dc0-fc370f7b756f|6d0e9136-3f58-4a22-a2b0-7c68fe1a5d9c|b38eac99-7d6e-41b8-bc01-6dae585f0bc5|问诊总结21：患者患者11 状态评估完成。||2025-11-01T16:05:01.058156
361c4e88-ec79-4091-a1cf-4cf2fb6d4ca5|2565c0cf-5b78-43de-ae8d-ec10eafbbc2f|ca096938-fff6-4738-aa4a-70ec95c944cd|40f24306-1495-4fc7-9bfc-a012e84c5b16|问诊总结22：患者患者10 状态评估完成。||2025-11-01T16:05:01.058315
940f2dc0-b043-44cb-8c92-3d6f4baf1103|bf3e592c-c454-4cc5-8c98-c001d3d63591|4c7adb47-d540-488c-bc2d-9b1c9f50a64a|ea5ffa87-a137-430c-9e89-9f2892cd715d|问诊总结23：患者患者12 状态评估完成。||2025-11-01T16:05:01.058489
8bb15fef-ddce-4c14-8e9e-5cb1883994ed|2565c0cf-5b78-43de-ae8d-ec10eafbbc2f|4c7adb47-d540-488c-bc2d-9b1c9f50a64a|54711cd1-f02c-4181-a7df-818711c06df6|问诊总结24：患者患者10 状态评估完成。||2025-11-01T16:05:01.058658
186db193-1050-4814-af23-201d3bc89e12|83aa2068-1a5c-47d4-af27-212963908f18|ca096938-fff6-4738-aa4a-70ec95c944cd|7e20396a-2d1b-4c7c-94e2-15da4bba7818|问诊总结25：患者患者24 状态评估完成。||2025-11-01T16:05:01.058821
b4a92808-391e-4750-9d35-c7e4d8d7dee0|5b1aba6c-eb84-4c5a-842b-a722a8d447c2|43f280ca-1ec9-4073-98eb-c106ebc62ea7|da4f156a-fae1-47b4-a0ab-4e0b54f050b5|问诊总结26：患者患者17 状态评估完成。||2025-11-01T16:05:01.059008
1aaa8232-57d3-435e-a445-708e724271b4|852711e3-2091-47bd-846a-7f8a55d9f641|4c7adb47-d540-488c-bc2d-9b1c9f50a64a|249c336a-3ad0-4830-ba46-7db909726bdb|问诊总结27：患者患者15 状态评估完成。||2025-11-01T16:05:01.059200
70e2ddf2-e19f-4af8-83c6-47ad10d4f0b9|0a1a9a1f-2c4f-4ba5-a9ad-392ee439c1a3|afb8a4ae-dcea-47bd-b668-3596f7d5e49d|1465b2e9-e1a6-4c69-83b3-478d4765c64e|问诊总结28：患者患者28 状态评估完成。||2025-11-01T16:05:01.059394
170ea898-3c61-4311-8c1f-afb1c6a2191f|02787a3b-46be-4ba2-b489-afce5aeea309|43f280ca-1ec9-4073-98eb-c106ebc62ea7|6e754b18-4947-4b37-92c6-5f6b3677009c|问诊总结29：患者患者29 状态评估完成。||2025-11-01T16:05:01.059611
067d4f3f-daf4-4743-843a-76415c213d9a|16313661-88ec-4035-be37-540a75b4e4ee|2b4936cb-089f-4379-92bd-82ab842c1688|6fd6b4a9-844f-48d8-bb6e-b18bd3f47551|问诊总结30：患者李安娜 状态评估完成。||2025-11-01T16:05:01.059796
