id|name|gender|birthday|phone|address|emergencyContact|notes
16313661-88ec-4035-be37-540a75b4e4ee|李安娜|女|1995-04-12|13800001111|北京市朝阳区望京街道88号|王先生 18600002222|对青霉素过敏
84267b92-7ce6-43f3-aaad-b033c537c64d|刘晓雨|女|2006-02-02|13234020000|吉林省长春市南关区自由大路|刘女士 13300001234|有过敏性鼻炎史
063ccb94-12eb-46ad-87d5-5d295df1c548|陈伟|男|1987-09-23|13911113333|上海市徐汇区宛平南路128号|陈玲 13600004567|2型糖尿病，使用门冬胰岛素管理血糖
5a6a7a86-5f3f-4d7a-8fd8-6d4f14f0ad50|黄小雨|女|2014-07-18|15600007777|广东省深圳市南山区科技园|黄先生 18000001234|儿童哮喘，需定期评估肺功能
9ed5026a-3334-46f0-b36a-92bfeb721c88|王磊|男|1978-12-03|13700006655|天津市河西区洞庭路68号|王静 13500004321|高血压合并高脂血症
c4a7f5ab-d252-490a-9ade-6e0a812f05a7|周琴|女|1989-05-09|15000008899|江苏省苏州市工业园区星湖街|周父 13900005432|系统性红斑狼疮，正在服用羟氯喹
f87e2a6d-550c-43ab-a752-37a5c5c9825b|林嘉言|男|1965-02-11|13100002266|福建省厦门市思明区大学路|林太太 13800007654|鼻咽癌放疗后定期随访
176ffb53-2fcd-4668-bb25-6307ea3e05ee|患者8|男|1988-08-09|13100000584|华夏市9区健康大道18号|亲属 131***0584|随访重点: 慢病管理
621b2e30-4196-4470-a974-e135abfe360e|患者9|女|1989-09-10|13100000657|华夏市10区健康大道19号|亲属 131***0657|随访重点: 心理辅导
2565c0cf-5b78-43de-ae8d-ec10eafbbc2f|患者10|男|1990-10-11|13100000730|华夏市1区健康大道20号|亲属 131***0730|随访重点: 慢病管理
a5bf8301-d978-4c21-8dc0-fc370f7b756f|患者11|女|1991-11-12|13100000803|华夏市2区健康大道21号|亲属 131***0803|随访重点: 心理辅导
bf3e592c-c454-4cc5-8c98-c001d3d63591|患者12|男|1992-12-13|13100000876|华夏市3区健康大道22号|亲属 131***0876|随访重点: 慢病管理
ed5308d7-1925-4068-b43a-fabb925baceb|患者13|女|1993-01-14|13100000949|华夏市4区健康大道23号|亲属 131***0949|随访重点: 心理辅导
bea933a4-6a65-4f4c-ba8d-15a443ff3227|患者14|男|1994-02-15|13100001022|华夏市5区健康大道24号|亲属 131***1022|随访重点: 慢病管理
852711e3-2091-47bd-846a-7f8a55d9f641|患者15|女|1995-03-16|13100001095|华夏市6区健康大道25号|亲属 131***1095|随访重点: 心理辅导
2265bff5-57b6-4518-aa3a-1e30481cb3e9|患者16|男|1996-04-17|13100001168|华夏市7区健康大道26号|亲属 131***1168|随访重点: 慢病管理
5b1aba6c-eb84-4c5a-842b-a722a8d447c2|患者17|女|1997-05-18|13100001241|华夏市8区健康大道27号|亲属 131***1241|随访重点: 心理辅导
ea15a127-c90b-494a-a303-696735f99a61|患者18|男|1998-06-19|13100001314|华夏市9区健康大道28号|亲属 131***1314|随访重点: 慢病管理
adc60465-d719-4adf-a471-729a74c9eabf|患者19|女|1999-07-20|13100001387|华夏市10区健康大道29号|亲属 131***1387|随访重点: 心理辅导
6b58842c-ad27-4afc-9b9f-1d8bb015f75c|患者20|男|2000-08-21|13100001460|华夏市1区健康大道10号|亲属 131***1460|随访重点: 慢病管理
91d3d6dd-ca9e-42ad-ae6e-c10fe6f8cf72|患者21|女|2001-09-22|13100001533|华夏市2区健康大道11号|亲属 131***1533|随访重点: 心理辅导
d3289e03-cfa3-4007-89dd-6837a5e3e6f0|患者22|男|2002-10-23|13100001606|华夏市3区健康大道12号|亲属 131***1606|随访重点: 慢病管理
80276e3f-fc49-482c-a658-032acbc60874|患者23|女|2003-11-24|13100001679|华夏市4区健康大道13号|亲属 131***1679|随访重点: 心理辅导
83aa2068-1a5c-47d4-af27-212963908f18|患者24|男|2004-12-25|13100001752|华夏市5区健康大道14号|亲属 131***1752|随访重点: 慢病管理
740ba832-05db-47ce-84b0-0f1749eba613|患者25|女|1980-01-26|13100001825|华夏市6区健康大道15号|亲属 131***1825|随访重点: 心理辅导
e2692a17-a165-402f-94a8-d274ec229898|患者26|男|1981-02-27|13100001898|华夏市7区健康大道16号|亲属 131***1898|随访重点: 慢病管理
af334bfe-525b-4fdf-8151-570ea5d7e0e5|患者27|女|1982-03-01|13100001971|华夏市8区健康大道17号|亲属 131***1971|随访重点: 心理辅导
0a1a9a1f-2c4f-4ba5-a9ad-392ee439c1a3|患者28|男|1983-04-02|13100002044|华夏市9区健康大道18号|亲属 131***2044|随访重点: 慢病管理
02787a3b-46be-4ba2-b489-afce5aeea309|患者29|女|1984-05-03|13100002117|华夏市10区健康大道19号|亲属 131***2117|随访重点: 心理辅导
04ed2ddd-9fa8-401c-960c-3da2ef2868ff|患者30|男|1985-06-04|13100002190|华夏市1区健康大道20号|亲属 131***2190|随访重点: 慢病管理
