id|patientId|relatedType|relatedId|amount|currency|method|status|insuranceClaimId|createdAt|paidAt
pay-2025-0001|16313661-88ec-4035-be37-540a75b4e4ee|PRESCRIPTION|rx-2025-1001|368.50|CNY|WECHAT|PAID|claim-2025-0001|2025-10-28T09:15:00|2025-10-28T09:20:30
pay-2025-0002|063ccb94-12eb-46ad-87d5-5d295df1c548|APPOINTMENT|appt-2025-2203|120.00|CNY|CASH|PENDING||2025-10-30T14:05:00|
pay-2025-0003|5a6a7a86-5f3f-4d7a-8fd8-6d4f14f0ad50|PRESCRIPTION|rx-2025-2088|256.90|CNY|ALIPAY|REFUNDED||2025-10-12T11:22:10|2025-10-12T11:45:00
pay-2025-0004|9ed5026a-3334-46f0-b36a-92bfeb721c88|OTHER|lab-2025-015|89.00|CNY|CREDIT_CARD|PAID||2025-09-05T08:55:00|2025-09-05T09:10:00
