id|consultationId|medicineId|quantity|usage|status
6acb7c4d-a1c9-4134-9900-932c88a4a33b|9cf5e30b-3f29-4c4e-a34e-359d199d3691|57d79fb0-e0a0-4add-a99c-93863448a080|2|每12小时口服1粒，连续5日，饭后服用|DONE
78da7f60-6e50-4cdd-b099-c520b9f01199|0f950a51-dd5f-4539-93ed-f2b2f06a562d|7d18b512-9c85-47d3-8288-3fe721d82f48|1|每日2次雾化，每次2ml，与生理盐水1:1稀释|ACTIVE
3702b806-f2fe-43ee-b758-4f174955b92a|0f950a51-dd5f-4539-93ed-f2b2f06a562d|fa9de9c1-5027-4470-9b5c-8d6ff9b4d7f1|1|早餐后冲服一袋，持续10日，加强体力恢复|PENDING
d95c4cda-9b47-4d3e-8b24-52d3f7eb4cd5|4f0f6bcb-1f0c-4ad5-9e37-9ea5f21d4c9d|df224f37-3165-4e3a-9a25-17f05a2f7f3a|1|晚餐后口服1片，连续30日，监测空腹血糖|ACTIVE
e5c645c8-48de-4d82-9039-8570bd4e9985|55ab6f87-e0c0-4f8f-9015-21827d14c3df|f3dc4c6d-2c62-4fd5-bf8e-01b0b99b7a74|1|每日早餐后口服1片，长期服用，定期复查凝血功能|PLANNED
af2f5b0d-8d71-4254-9ea6-4eac9b33d7e6|b3ab9953-f55d-4e28-b2b1-34dc257a3df4|fa9de9c1-5027-4470-9b5c-8d6ff9b4d7f1|2|每日早晚各冲服一袋，配合高蛋白饮食|ACTIVE
613ec8c7-4514-40fa-aba3-73b7a69907b7|0f950a51-dd5f-4539-93ed-f2b2f06a562d|57d79fb0-e0a0-4add-a99c-93863448a080|1|ok|PENDING
f8c9bdb2-ffb2-45ef-a6d3-ecb56b9158a5|0f950a51-dd5f-4539-93ed-f2b2f06a562d|57d79fb0-e0a0-4add-a99c-93863448a080|1|ok|PENDING
ca2368ba-a196-4685-a295-0ffc38539f66|e012351a-037e-4a40-92fc-1ea419a72eac|f1ada6e3-b978-4592-b51a-b2f449007840|5|每日1次，每次2片|PENDING
3f727870-1ab8-46bc-974a-cd49d25633b7|5235b0e8-799f-40d8-b260-9fd69f43770a|03e8d0e2-9a68-49cf-8eb8-f2af7200eb16|1|每日2次，每次1片|PENDING
06f573f1-b025-4686-a569-3ec17fd72aa0|ba4b5b04-738b-49f2-9692-81105d8f01b7|bf8b2e4a-d20a-4063-8a74-65160a9c54bd|2|每日3次，每次2片|PENDING
0b2931ee-5250-4182-91df-923b703fcd2e|e51c98fe-8998-45bf-af90-bb46755bc942|57d79fb0-e0a0-4add-a99c-93863448a080|3|每日1次，每次1片|PENDING
0a11a554-d015-46ed-8b1f-1607fb7b516f|42f9baeb-9c39-4012-9ab6-a5cd2d463c10|fa9de9c1-5027-4470-9b5c-8d6ff9b4d7f1|4|每日2次，每次2片|PENDING
680acd94-95b6-41e9-bbdc-120db1f1f036|27805e3d-c616-43bb-b4fc-34ffa3e19b5d|cd4d7f97-9cb3-4fc1-8105-d2075be649a5|5|每日3次，每次1片|PENDING
a69e477f-3ab3-48fc-b808-fec88109bdef|54a2752a-01a3-406b-a73b-f6dbdd99db14|f1ada6e3-b978-4592-b51a-b2f449007840|1|每日1次，每次2片|PENDING
8986e35c-4571-4472-a941-729019fe31bd|e9672fa8-f625-48f0-af48-7c21bd9d982b|03e8d0e2-9a68-49cf-8eb8-f2af7200eb16|2|每日2次，每次1片|PENDING
e5aa3f24-0003-49a2-8909-7d975090f969|efa820f0-84d5-49e6-83f6-9b64592db4dd|bf8b2e4a-d20a-4063-8a74-65160a9c54bd|3|每日3次，每次2片|PENDING
a18f070c-098a-4d00-8411-570a25a97cbe|9773e2d0-7bf9-40e3-9be4-37871449e2c9|57d79fb0-e0a0-4add-a99c-93863448a080|4|每日1次，每次1片|PENDING
a40cbf00-50f7-43c2-a677-0d8dd0f2ecb2|0745ee44-60d1-4c2d-ab47-99951b666922|fa9de9c1-5027-4470-9b5c-8d6ff9b4d7f1|5|每日2次，每次2片|PENDING
35ebc023-b5c4-4f20-8833-7a882c58b1ef|32fd8431-208e-4be6-b85d-469147d8b63d|cd4d7f97-9cb3-4fc1-8105-d2075be649a5|1|每日3次，每次1片|PENDING
35521028-bb69-4d0b-9ea0-40c993a1ce40|361c4e88-ec79-4091-a1cf-4cf2fb6d4ca5|f1ada6e3-b978-4592-b51a-b2f449007840|2|每日1次，每次2片|PENDING
1b232bfa-c11b-441e-8d8b-053c0f29e383|940f2dc0-b043-44cb-8c92-3d6f4baf1103|03e8d0e2-9a68-49cf-8eb8-f2af7200eb16|3|每日2次，每次1片|PENDING
c7cf8a63-c924-4b36-9262-44a53311537b|8bb15fef-ddce-4c14-8e9e-5cb1883994ed|bf8b2e4a-d20a-4063-8a74-65160a9c54bd|4|每日3次，每次2片|PENDING
68f0d73b-50f7-4677-9eff-907b715925f8|186db193-1050-4814-af23-201d3bc89e12|57d79fb0-e0a0-4add-a99c-93863448a080|5|每日1次，每次1片|PENDING
0499c4f6-6757-4df0-80a0-167c95bd9fd9|b4a92808-391e-4750-9d35-c7e4d8d7dee0|fa9de9c1-5027-4470-9b5c-8d6ff9b4d7f1|1|每日2次，每次2片|PENDING
4775dc3e-1064-45ae-94f8-a0c7cd8e9727|1aaa8232-57d3-435e-a445-708e724271b4|cd4d7f97-9cb3-4fc1-8105-d2075be649a5|2|每日3次，每次1片|PENDING
9e0fd6e9-02c6-4faf-950a-6be4fdca87d1|70e2ddf2-e19f-4af8-83c6-47ad10d4f0b9|f1ada6e3-b978-4592-b51a-b2f449007840|3|每日1次，每次2片|PENDING
fbbb89d6-70f4-493f-b704-f9ef3b5caa8c|170ea898-3c61-4311-8c1f-afb1c6a2191f|03e8d0e2-9a68-49cf-8eb8-f2af7200eb16|4|每日2次，每次1片|PENDING
7c81f95b-40d7-45d3-b9c0-e47bc54ec4d3|067d4f3f-daf4-4743-843a-76415c213d9a|bf8b2e4a-d20a-4063-8a74-65160a9c54bd|5|每日3次，每次2片|PENDING
a942cc0b-ef12-474b-a409-43ed037e5fa0|0f950a51-dd5f-4539-93ed-f2b2f06a562d|57d79fb0-e0a0-4add-a99c-93863448a080|1|每日1次，每次1片|PENDING
