id|patientId|description|status|lastUpdated|ownerDoctorId
3fceae04-39ae-45f5-9af2-a79d96bda294|16313661-88ec-4035-be37-540a75b4e4ee|检查-完成血常规与胸片检查|DONE|2025-11-02|2b4936cb-089f-4379-92bd-82ab842c1688
8a22341b-b39b-4763-90e6-3efe4f92a9df|16313661-88ec-4035-be37-540a75b4e4ee|会诊-准备专家会诊资料并上传病例|IN_PROGRESS|2025-11-03|2b4936cb-089f-4379-92bd-82ab842c1688
7f9dd8ec-d4d9-4d71-8ba0-a20adb4cbe26|84267b92-7ce6-43f3-aaad-b033c537c64d|心理-完成情绪评估问卷并记录触发事件|IN_PROGRESS|2025-11-03|2b4936cb-089f-4379-92bd-82ab842c1688
9a8f9d4c-d443-47d7-9fe8-8f4f7d8a6cbe|84267b92-7ce6-43f3-aaad-b033c537c64d|随访-维护睡眠追踪日志并每周反馈|PENDING|2025-11-05|2b4936cb-089f-4379-92bd-82ab842c1688
fcf16a82-fe38-419f-9336-21087ebe6f36|16313661-88ec-4035-be37-540a75b4e4ee|康复-按处方进行雾化治疗与居家监测|PENDING|2025-11-10|580bd327-3564-4856-9a1b-fc301a7b3aa9
41b214e1-95b6-4d8f-9120-3c2bd822f89e|063ccb94-12eb-46ad-87d5-5d295df1c548|检查-整理并上传连续血糖记录|IN_PROGRESS|2025-11-04|2ab7d795-2e4d-4c57-8b43-2d98dd7a9c18
8df6a9c8-0446-4cf8-8d6d-e76d52d47d5e|9ed5026a-3334-46f0-b36a-92bfeb721c88|监测-每日记录血压与心率|PENDING|2025-11-06|7ad821a4-0b2f-4bb6-85a2-6be7a329a1f1
fd4039ce-53af-4ee8-83b6-5ee21a8db802|c4a7f5ab-d252-490a-9ade-6e0a812f05a7|护理-制定防晒与皮肤护理日志|IN_PROGRESS|2025-11-07|485913d5-05e6-4c18-bf60-f49b1b57d66d
6bf7a5fb-8e1f-4f5f-a891-743bb2cc8c12|f87e2a6d-550c-43ab-a752-37a5c5c9825b|营养-记录每日摄入热量与体重|IN_PROGRESS|2025-11-08|acf0be0c-c851-41d4-bb51-51aa7da6d601
b271c3a4-1c1e-46fb-9f4b-d23ec68d75d3|16313661-88ec-4035-be37-540a75b4e4ee|复查-安排肺功能评估|IN_PROGRESS|2025-10-30|1e6e7812-9cb9-4b3e-9112-2c6f29ea1961
a4ddf49b-36a5-4fb6-90d4-27b78f602cd5|9ed5026a-3334-46f0-b36a-92bfeb721c88|随访-监测血压记录|PENDING|2025-11-01|1e6e7812-9cb9-4b3e-9112-2c6f29ea1961
a4c242b5-4a81-499a-a851-2eab0e50f722|16313661-88ec-4035-be37-540a75b4e4ee|全科随访-强化护理计划|IN_PROGRESS|2025-10-31|2b4936cb-089f-4379-92bd-82ab842c1688
fa777022-f53d-4ee1-957f-8fa39156cf0b|16313661-88ec-4035-be37-540a75b4e4ee|骨科随访-强化护理计划|IN_PROGRESS|2025-10-31|580bd327-3564-4856-9a1b-fc301a7b3aa9
d76171de-8f6d-4d72-ab98-a5054a17cf1b|5a6a7a86-5f3f-4d7a-8fd8-6d4f14f0ad50|儿科随访-强化护理计划|IN_PROGRESS|2025-10-31|3d9a3a2e-1bfe-4e2f-9b9e-24c45ea1ab39
afd7c68d-5f9d-4d75-8c37-f5304c176331|c4a7f5ab-d252-490a-9ade-6e0a812f05a7|皮肤科随访-强化护理计划|IN_PROGRESS|2025-10-31|485913d5-05e6-4c18-bf60-f49b1b57d66d
ae5db356-ced0-4b34-8619-75dc5b3df999|9ed5026a-3334-46f0-b36a-92bfeb721c88|神经内科随访-强化护理计划|IN_PROGRESS|2025-10-31|7ad821a4-0b2f-4bb6-85a2-6be7a329a1f1
6b4108e5-1ac2-4ad0-b3a3-e8e734316fcb|f87e2a6d-550c-43ab-a752-37a5c5c9825b|肿瘤科随访-强化护理计划|IN_PROGRESS|2025-10-31|acf0be0c-c851-41d4-bb51-51aa7da6d601
23947716-d80f-4932-9f03-7a0390e7866f|063ccb94-12eb-46ad-87d5-5d295df1c548|内分泌科随访-强化护理计划|IN_PROGRESS|2025-10-31|2ab7d795-2e4d-4c57-8b43-2d98dd7a9c18
2973ef01-7a14-40ae-b62f-067c6ef4303c|6b58842c-ad27-4afc-9b9f-1d8bb015f75c|全科随访-阶段任务19|IN_PROGRESS|2025-11-01|87db3859-6e28-401f-b035-6a8ca73057aa
3d106702-6750-46c0-a4de-7253e607de47|91d3d6dd-ca9e-42ad-ae6e-c10fe6f8cf72|呼吸科随访-阶段任务20|DONE|2025-10-27|5fb1df65-761e-48ba-94a4-e21fc3bfb104
8126e85f-52a4-463c-baa5-503f52653a86|d3289e03-cfa3-4007-89dd-6837a5e3e6f0|儿科随访-阶段任务21|PENDING|2025-10-31|9de08af5-77d3-4c97-ac02-399f93e90827
070c7429-5d75-44ae-9b17-cf5925fe60fd|80276e3f-fc49-482c-a658-032acbc60874|内分泌科随访-阶段任务22|IN_PROGRESS|2025-10-28|88feaa54-4ce5-4944-874b-978a392ac0d5
ae2d1979-a14f-46cb-a0d7-31bea971e379|83aa2068-1a5c-47d4-af27-212963908f18|心内科随访-阶段任务23|DONE|2025-10-31|dede2a9a-caf3-4356-81c1-e2edc5c6555c
2d13141e-d2ab-4422-bb1b-3e62110728ac|740ba832-05db-47ce-84b0-0f1749eba613|骨科随访-阶段任务24|PENDING|2025-10-28|31e65942-1973-4025-bba0-c1c69fa21f53
a39ffdae-3d56-4841-88e1-a24b5ebf6f57|e2692a17-a165-402f-94a8-d274ec229898|皮肤科随访-阶段任务25|IN_PROGRESS|2025-10-27|7bfcc966-0dbe-473c-8d88-96f141648295
dfeedb46-68b7-40fa-a286-c50e47ae3742|af334bfe-525b-4fdf-8151-570ea5d7e0e5|神经内科随访-阶段任务26|DONE|2025-11-01|1418385d-e695-417a-9eee-c11cd11772c1
52e802c4-6df6-47df-a75f-500318e5e6ca|0a1a9a1f-2c4f-4ba5-a9ad-392ee439c1a3|肿瘤科随访-阶段任务27|PENDING|2025-10-29|4c7adb47-d540-488c-bc2d-9b1c9f50a64a
d6fb0b60-823b-44f6-9415-f4fbc825321b|02787a3b-46be-4ba2-b489-afce5aeea309|康复科随访-阶段任务28|IN_PROGRESS|2025-10-28|9ffcca62-f643-4ea1-9037-d6598ac1be0d
035da039-ecd2-49da-a93d-eb825351c811|04ed2ddd-9fa8-401c-960c-3da2ef2868ff|全科随访-阶段任务29|DONE|2025-10-30|6a305a49-b540-4016-907f-7297a22fa1cc
6d19d111-c6bc-470a-861b-ebe50d34712c|16313661-88ec-4035-be37-540a75b4e4ee|全科随访-阶段任务30|PENDING|2025-10-31|2b4936cb-089f-4379-92bd-82ab842c1688
